{
    "Items": [
        {
            "Images": [
                {
                    "label": "Z18",
                    "dicom": [
                        {
                            "DICOMPatientRecord": "Patient: Anonymous Male 1948.ANONU5NRPE1JD",
                            "DICOMStudyRecord": "Study: 1.2.752.24.5.3592038503.2019012480928.6091668",
                            "DICOMSeriesRecord": "Series: 1.3.12.2.1107.5.1.4.83670.30000019012506500249900042780",
                            "DICOMImageRecord": "Image: 1.3.12.2.1107.5.1.4.83670.30000019012506500249900043048.DICOM",
                            "imageSource": "D:/Other Projects/Hololens4Pathology and Radiology/Pancreas_T2747-19/T2747-19/radiology/Pictures/DICOM\\0000EB09\\AAB20886\\AA273869\\000054D8\\EE3A79CB",
                            "imageIndexStart": 268,
                            "imageIndexEnd": 273,
                            "P1x": -195.62030029296876,
                            "P1y": -198.48098754882813,
                            "P2x": -195.62030029296876,
                            "P2y": 313.5190124511719,
                            "P3x": 316.37969970703127,
                            "P3y": 313.5190124511719,
                            "P4x": 316.37969970703127,
                            "P4y": -198.48098754882813
                        }
                    ],
                    "macro": [
                        {
                            "label": "Z18",
                            "imageSource": "D:/Other Projects/Hololens4Pathology and Radiology/Pancreas_T2747-19/T2747-19/pathology/2D/T2747-19_macro_1.jpg",
                            "imageZoomLevel": 0,
                            "P1x": -451.6717529296875,
                            "P1y": -510.63885498046877,
                            "P2x": -451.6717529296875,
                            "P2y": 1793.361083984375,
                            "P3x": 3004.328125,
                            "P3y": 1793.361083984375,
                            "P4x": 3004.328125,
                            "P4y": -510.63885498046877
                        }
                    ],
                    "histology": [
                        {
                            "imageSource": "D:/Other Projects/Hololens4Pathology and Radiology/Pancreas_T2747-19/T2747-19/histology/T2747-19-Z18.ndpi"
                        }
                    ]
                }
            ]
        }
    ]
}